Rotulos,Fundo,Iluminacao
colher controle bateria cola,preto,dentro de casa - dia
colher controle bateria cola,preto,dentro de casa - dia
colher controle bateria cola,preto,dentro de casa - dia
creme pendrive estojo,preto,dentro de casa - dia
creme pendrive estojo,preto,dentro de casa - dia
creme pendrive estojo,preto,dentro de casa - dia
carteira microfone grampeador,preto,dentro de casa - dia
carteira microfone grampeador,preto,dentro de casa - dia
carteira microfone grampeador,preto,dentro de casa - dia
bateria cola controle grampeador,branco,dentro de casa - dia
bateria cola controle grampeador,branco,dentro de casa - dia
bateria cola controle grampeador,branco,dentro de casa - dia
carteira estojo microfone,branco,dentro de casa - dia
carteira estojo microfone,branco,dentro de casa - dia
carteira estojo microfone,branco,dentro de casa - dia
colher creme pendrive,branco,dentro de casa - dia
colher creme pendrive,branco,dentro de casa - dia
colher creme pendrive,branco,dentro de casa - dia
controle cola grampeador,madeira,fora de casa - dia
controle cola grampeador,madeira,fora de casa - dia
controle cola grampeador,madeira,fora de casa - dia
estojo creme bateria,madeira,fora de casa - dia
estojo creme bateria,madeira,fora de casa - dia
estojo creme bateria,madeira,fora de casa - dia
colher carteira pendrive microfone,madeira,fora de casa - dia
colher carteira pendrive microfone,madeira,fora de casa - dia
colher carteira pendrive microfone,madeira,fora de casa - dia
bateria cola grampeador,branco,dentro de casa - noite
bateria cola grampeador,branco,dentro de casa - noite
bateria cola grampeador,branco,dentro de casa - noite
controle pendrive estojo creme,branco,dentro de casa - noite
controle pendrive estojo creme,branco,dentro de casa - noite
controle pendrive estojo creme,branco,dentro de casa - noite
colher microfone carteira,branco,dentro de casa - noite
colher microfone carteira,branco,dentro de casa - noite
colher microfone carteira,branco,dentro de casa - noite
cola creme colher microfone,madeira,fora de casa - noite
cola creme colher microfone,madeira,fora de casa - noite
cola creme colher microfone,madeira,fora de casa - noite
bateria carteira estojo,madeira,fora de casa - noite
bateria carteira estojo,madeira,fora de casa - noite
bateria carteira estojo,madeira,fora de casa - noite
pendrive grampeador controle,madeira,fora de casa - noite
pendrive grampeador controle,madeira,fora de casa - noite
pendrive grampeador controle,madeira,fora de casa - noite
